strategy,seed,world_mode,rounds,successful_rounds,best_tc_k,best_formula,best_pressure_gpa,elapsed_seconds
random,1,ambient,35,31,134.5210,Ca0.50 H0.50,123.48,0.3100
random,2,ambient,35,30,194.6748,S0.21 Y0.31 H0.49,374.73,0.2911
random,3,ambient,35,30,96.3528,S0.38 La0.11 H0.51,79.12,0.2924
random,4,ambient,35,34,101.4161,Ca0.21 Li0.34 H0.45,281.53,0.2973
random,5,ambient,35,33,41.1248,La0.04 Li0.41 H0.54,110.99,0.2981
random,6,ambient,35,33,167.1754,Ca0.39 S0.19 H0.42,339.42,0.2679
random,7,ambient,35,28,79.4990,Li0.60 H0.40,71.82,0.2655
random,8,ambient,35,31,123.7609,Li0.49 H0.51,135.85,0.2669
random,9,ambient,35,31,154.9258,Li0.27 B0.24 H0.50,391.21,0.2677
random,10,ambient,35,29,50.5573,La0.07 Y0.09 H0.84,93.80,0.2676
random,11,ambient,35,31,56.8836,Ca0.46 H0.54,208.78,0.2947
random,12,ambient,35,27,147.8431,Li0.51 H0.49,226.52,0.2650
random,13,ambient,35,32,148.3728,Ce0.27 Li0.23 H0.50,346.95,0.2800
random,14,ambient,35,31,120.3815,Y0.22 Li0.26 H0.52,373.11,0.2786
random,15,ambient,35,30,39.2190,La0.18 H0.82,286.45,0.2823
random,16,ambient,35,31,222.6861,Y0.19 S0.34 H0.47,318.32,0.2844
random,17,ambient,35,31,132.4897,Mg0.44 Li0.08 H0.48,152.80,0.2973
random,18,ambient,35,32,85.0933,Ca0.54 H0.46,458.94,0.2896
random,19,ambient,35,28,153.0685,Li0.52 H0.48,295.90,0.2851
random,20,ambient,35,29,138.5073,Ca0.15 S0.37 H0.48,164.90,0.2681
random,21,ambient,35,34,19.9734,Ca0.69 H0.31,415.79,0.2687
random,22,ambient,35,27,141.6646,Y0.23 Li0.29 H0.48,123.23,0.2681
random,23,ambient,35,29,85.0186,Ca0.53 H0.47,87.87,0.2651
random,24,ambient,35,31,126.0106,S0.15 Ca0.44 H0.42,123.14,0.2626
random,25,ambient,35,30,133.7371,Ca0.50 H0.50,111.01,0.2617
random,26,ambient,35,28,36.2682,S0.27 Ce0.48 H0.25,481.96,0.2603
random,27,ambient,35,28,138.3329,Ca0.38 Mg0.13 H0.50,117.06,0.2593
random,28,ambient,35,32,170.6308,S0.39 Ce0.19 H0.42,32.51,0.2613
random,29,ambient,35,29,239.1368,S0.18 Li0.38 H0.44,117.03,0.2614
random,30,ambient,35,33,99.8673,Li0.58 H0.42,30.83,0.2646
random,31,ambient,35,32,129.7659,S0.14 La0.32 H0.54,429.40,0.2688
random,32,ambient,35,31,199.6887,Li0.52 S0.04 H0.44,292.88,0.2584
random,33,ambient,35,32,125.0230,S0.20 Ca0.47 H0.33,197.01,0.2596
random,34,ambient,35,32,117.0321,Ca0.48 H0.52,410.86,0.2609
random,35,ambient,35,31,37.2046,Ce0.11 Mg0.04 H0.85,432.88,0.2619
random,36,ambient,35,31,54.5174,Ce0.15 H0.85,256.15,0.2679
random,37,ambient,35,28,94.6099,Li0.58 H0.42,209.13,0.2715
random,38,ambient,35,31,138.5275,Li0.50 H0.50,93.35,0.2617
random,39,ambient,35,31,119.4118,S0.12 Li0.55 H0.33,204.10,0.2665
random,40,ambient,35,33,110.5133,Li0.57 H0.43,65.37,0.2651
random,41,ambient,35,33,117.9939,Li0.57 H0.43,95.99,0.2656
random,42,ambient,35,29,70.3042,Ce0.09 S0.40 H0.51,88.26,0.2777
random,43,ambient,35,31,45.9625,Ce0.14 H0.86,102.48,0.2650
random,44,ambient,35,32,46.0436,Y0.17 H0.83,314.77,0.2813
random,45,ambient,35,32,126.5173,Ca0.27 Mg0.25 H0.48,442.78,0.2681
random,46,ambient,35,32,128.4917,C0.02 Li0.45 H0.53,159.69,0.2684
random,47,ambient,35,31,51.1360,B0.04 Ce0.13 H0.83,380.22,0.2629
random,48,ambient,35,29,130.6355,Li0.50 H0.50,200.86,0.2614
random,49,ambient,35,28,41.6241,B0.10 Ce0.05 H0.85,137.55,0.2650
random,50,ambient,35,30,118.4989,Li0.49 H0.51,376.77,0.2704
ucb,1,ambient,35,33,237.9335,Li0.44 S0.12 H0.44,442.29,0.3339
ucb,2,ambient,35,28,293.2509,C0.10 Li0.42 H0.49,402.60,0.3669
ucb,3,ambient,35,32,251.4037,C0.05 Li0.47 H0.48,101.16,0.2953
ucb,4,ambient,35,30,45.7798,La0.05 Ce0.12 H0.83,492.18,0.2947
ucb,5,ambient,35,29,146.5568,Li0.51 H0.49,272.04,0.2942
ucb,6,ambient,35,34,237.5747,S0.33 Y0.22 H0.45,92.46,0.3011
ucb,7,ambient,35,34,127.4964,Li0.23 S0.34 H0.42,340.94,0.2967
ucb,8,ambient,35,33,311.2905,C0.11 Li0.39 H0.50,282.06,0.2951
ucb,9,ambient,35,31,242.3008,S0.27 Ce0.27 H0.46,79.49,0.2961
ucb,10,ambient,35,29,50.5573,La0.07 Y0.09 H0.84,93.80,0.2945
ucb,11,ambient,35,32,231.6467,S0.13 Li0.41 H0.47,64.04,0.2958
ucb,12,ambient,35,32,233.9666,Li0.47 C0.06 H0.47,103.16,0.2957
ucb,13,ambient,35,27,149.2402,Y0.25 Li0.26 H0.50,262.93,0.2932
ucb,14,ambient,35,29,177.7059,S0.27 Y0.30 H0.43,59.42,0.2967
ucb,15,ambient,35,30,208.4793,S0.23 Ce0.31 H0.46,495.06,0.2955
ucb,16,ambient,35,32,234.2648,S0.29 Ce0.24 H0.47,215.34,0.2969
ucb,17,ambient,35,30,258.8945,Ca0.41 C0.10 H0.49,36.21,0.2945
ucb,18,ambient,35,30,46.8080,Ce0.18 H0.82,32.77,0.2944
ucb,19,ambient,35,31,135.2553,Mg0.45 Ca0.06 H0.49,12.71,0.2964
ucb,20,ambient,35,33,279.2690,S0.09 Ca0.42 H0.50,62.39,0.3022
ucb,21,ambient,35,31,249.0932,S0.29 La0.25 H0.46,426.09,0.2993
ucb,22,ambient,35,28,45.0440,Y0.01 B0.18 H0.81,378.10,0.2982
ucb,23,ambient,35,32,260.4550,La0.36 S0.12 H0.52,153.76,0.3015
ucb,24,ambient,35,33,214.3170,Li0.31 S0.22 H0.47,198.42,0.3027
ucb,25,ambient,35,29,257.3563,Ce0.39 S0.13 H0.48,344.25,0.2931
ucb,26,ambient,35,29,134.7020,Li0.50 H0.50,436.91,0.2963
ucb,27,ambient,35,31,42.4963,La0.19 H0.81,440.89,0.2950
ucb,28,ambient,35,34,215.8622,Ca0.35 S0.22 H0.43,91.25,0.2935
ucb,29,ambient,35,27,158.3603,Li0.38 Ce0.13 H0.49,476.86,0.2938
ucb,30,ambient,35,31,52.6723,Ce0.16 H0.84,318.30,0.3011
ucb,31,ambient,35,33,234.3896,Li0.40 S0.14 H0.47,210.11,0.3110
ucb,32,ambient,35,30,137.6948,S0.03 Y0.45 H0.52,295.18,0.3064
ucb,33,ambient,35,27,35.3989,Li0.06 C0.42 H0.53,93.70,0.2989
ucb,34,ambient,35,32,248.1003,Li0.36 S0.18 H0.46,428.84,0.3041
ucb,35,ambient,35,28,149.3626,Mg0.05 Li0.47 H0.47,341.63,0.3019
ucb,36,ambient,35,31,222.5966,Ca0.35 S0.19 H0.45,112.45,0.3003
ucb,37,ambient,35,32,260.7266,S0.10 Ca0.41 H0.49,355.81,0.3137
ucb,38,ambient,35,33,267.4903,S0.11 Ce0.41 H0.49,249.63,0.3042
ucb,39,ambient,35,30,247.8589,Ca0.42 S0.10 H0.48,35.91,0.3278
ucb,40,ambient,35,27,30.6003,Ce0.50 H0.50,182.43,0.3036
ucb,41,ambient,35,28,134.9409,Mg0.19 Ca0.32 H0.49,450.62,0.2936
ucb,42,ambient,35,27,150.9282,Li0.19 Ca0.31 H0.50,313.39,0.2934
ucb,43,ambient,35,27,232.5191,S0.27 Ce0.25 H0.48,493.67,0.2957
ucb,44,ambient,35,31,215.6178,La0.17 S0.37 H0.46,225.90,0.2962
ucb,45,ambient,35,29,130.7050,S0.38 Mg0.18 H0.44,361.79,0.2924
ucb,46,ambient,35,28,294.2200,Ce0.39 S0.11 H0.50,392.13,0.2923
ucb,47,ambient,35,27,116.9357,S0.25 La0.46 H0.29,452.07,0.2928
ucb,48,ambient,35,29,189.1514,Y0.44 S0.05 H0.50,51.18,0.2944
ucb,49,ambient,35,27,283.4576,Ca0.45 C0.06 H0.49,249.81,0.2949
ucb,50,ambient,35,33,217.7911,S0.20 La0.33 H0.47,236.51,0.2952
ei,1,ambient,35,33,225.8076,Li0.44 S0.12 H0.44,442.29,0.3390
ei,2,ambient,35,28,148.1144,Ca0.43 Li0.09 H0.48,376.27,0.2969
ei,3,ambient,35,34,251.4037,C0.05 Li0.47 H0.48,101.16,0.3004
ei,4,ambient,35,27,52.9578,Y0.14 H0.86,193.23,0.2946
ei,5,ambient,35,25,142.9826,Li0.50 Ca0.03 H0.46,253.70,0.2960
ei,6,ambient,35,31,237.5747,S0.33 Y0.22 H0.45,92.46,0.2997
ei,7,ambient,35,31,299.6383,Ca0.45 C0.05 H0.50,448.89,0.3005
ei,8,ambient,35,32,258.7312,C0.08 Li0.41 H0.51,306.91,0.2969
ei,9,ambient,35,32,238.0120,S0.27 Ce0.27 H0.46,79.49,0.2987
ei,10,ambient,35,31,230.2481,Y0.22 S0.33 H0.45,240.00,0.2978
ei,11,ambient,35,27,94.4268,Ca0.53 H0.47,452.12,0.2945
ei,12,ambient,35,32,291.5440,S0.08 Ca0.43 H0.49,145.40,0.2982
ei,13,ambient,35,32,299.1555,S0.06 Ca0.44 H0.50,434.16,0.2968
ei,14,ambient,35,31,157.3561,B0.09 Li0.42 H0.49,164.98,0.2978
ei,15,ambient,35,28,39.2190,La0.18 H0.82,286.45,0.2964
ei,16,ambient,35,33,245.3232,S0.31 Ce0.25 H0.44,215.35,0.3000
ei,17,ambient,35,29,309.1062,C0.08 Li0.43 H0.49,83.77,0.2967
ei,18,ambient,35,32,50.6089,La0.17 H0.83,156.98,0.3057
ei,19,ambient,35,31,137.2424,Ca0.49 H0.51,331.07,0.3387
ei,20,ambient,35,33,279.2690,S0.09 Ca0.42 H0.50,62.39,0.3044
ei,21,ambient,35,33,244.2334,S0.34 La0.23 H0.44,234.52,0.3246
ei,22,ambient,35,29,330.5856,S0.03 Ca0.47 H0.50,429.30,0.3175
ei,23,ambient,35,31,260.4550,La0.36 S0.12 H0.52,153.76,0.2986
ei,24,ambient,35,30,115.9881,S0.28 Ca0.43 H0.29,382.46,0.2954
ei,25,ambient,35,30,58.3823,Mg0.01 C0.14 H0.85,10.41,0.3027
ei,26,ambient,35,30,121.0176,Mg0.22 Li0.27 H0.51,70.23,0.2986
ei,27,ambient,35,31,195.4563,S0.12 Ca0.42 H0.46,368.76,0.2987
ei,28,ambient,35,31,162.6650,La0.35 S0.20 H0.45,78.86,0.2972
ei,29,ambient,35,25,307.7062,Li0.42 C0.08 H0.50,286.99,0.2999
ei,30,ambient,35,32,23.0144,Mg0.16 H0.84,464.34,0.3045
ei,31,ambient,35,27,218.4087,Li0.45 S0.07 H0.48,414.50,0.3192
ei,32,ambient,35,32,295.9962,Ca0.44 S0.06 H0.51,326.32,0.3055
ei,33,ambient,35,31,137.1946,Ca0.37 Li0.15 H0.48,301.75,0.3201
ei,34,ambient,35,32,172.1443,Ca0.46 S0.08 H0.46,396.22,0.2999
ei,35,ambient,35,28,154.6476,La0.23 Li0.27 H0.50,394.63,0.2973
ei,36,ambient,35,33,285.6304,C0.12 Li0.40 H0.48,148.14,0.3060
ei,37,ambient,35,32,192.7084,C0.06 Li0.42 H0.52,163.56,0.2976
ei,38,ambient,35,25,38.9944,Li0.73 H0.27,438.86,0.2921
ei,39,ambient,35,29,247.8589,Ca0.42 S0.10 H0.48,35.91,0.2970
ei,40,ambient,35,30,103.4893,Li0.42 Y0.06 H0.52,498.62,0.2984
ei,41,ambient,35,30,203.7796,Y0.33 S0.16 H0.51,256.03,0.2991
ei,42,ambient,35,29,158.0748,Li0.36 Ca0.15 H0.49,197.08,0.2998
ei,43,ambient,35,26,58.6049,Ce0.18 H0.82,53.88,0.2984
ei,44,ambient,35,29,144.0366,Y0.09 Li0.43 H0.48,292.86,0.2971
ei,45,ambient,35,28,200.1142,La0.32 S0.22 H0.46,114.05,0.2966
ei,46,ambient,35,27,247.8211,C0.10 Ca0.41 H0.49,289.17,0.3003
ei,47,ambient,35,27,51.1360,B0.04 Ce0.13 H0.83,380.22,0.3067
ei,48,ambient,35,29,251.3421,C0.24 Li0.28 H0.49,230.97,0.3108
ei,49,ambient,35,32,150.6795,Li0.53 H0.47,236.12,0.3078
ei,50,ambient,35,30,235.9193,S0.17 Li0.39 H0.44,468.23,0.3020
thompson,1,ambient,35,32,18.5961,Ca0.04 Mg0.10 H0.86,381.00,0.3065
thompson,2,ambient,35,30,119.7002,Y0.41 S0.06 H0.53,82.25,0.3000
thompson,3,ambient,35,30,189.8646,La0.18 S0.33 H0.49,238.34,0.3156
thompson,4,ambient,35,31,114.1278,S0.32 Ce0.29 H0.39,472.97,0.2993
thompson,5,ambient,35,31,146.1671,Ca0.50 H0.50,146.94,0.3181
thompson,6,ambient,35,31,87.1736,Y0.09 S0.45 H0.47,109.44,0.3006
thompson,7,ambient,35,33,217.2887,S0.04 Li0.50 H0.46,206.12,0.3123
thompson,8,ambient,35,31,150.5806,Li0.51 H0.49,142.07,0.2988
thompson,9,ambient,35,30,268.1303,C0.04 Li0.46 H0.50,216.68,0.2956
thompson,10,ambient,35,30,147.6122,Li0.24 Ca0.28 H0.48,463.91,0.2993
thompson,11,ambient,35,29,218.0631,S0.38 Ce0.17 H0.44,365.53,0.2974
thompson,12,ambient,35,31,102.7428,S0.30 Ce0.39 H0.31,317.45,0.2966
thompson,13,ambient,35,31,90.9170,Li0.59 H0.41,111.47,0.2966
thompson,14,ambient,35,32,58.9132,Li0.55 B0.04 H0.41,147.07,0.2984
thompson,15,ambient,35,29,115.8582,Ca0.22 Li0.31 H0.47,201.00,0.3080
thompson,16,ambient,35,28,231.1099,S0.22 Ca0.34 H0.44,306.64,0.3018
thompson,17,ambient,35,32,90.4000,Ca0.47 H0.53,70.79,0.3158
thompson,18,ambient,35,29,59.7104,La0.33 Ca0.20 H0.48,166.83,0.2978
thompson,19,ambient,35,27,143.7865,Li0.51 H0.49,101.13,0.3202
thompson,20,ambient,35,33,206.4625,S0.25 Y0.29 H0.46,194.54,0.3024
thompson,21,ambient,35,32,162.3333,S0.05 Li0.53 H0.42,251.18,0.3030
thompson,22,ambient,35,31,327.3837,S0.03 Ca0.47 H0.50,429.30,0.3134
thompson,23,ambient,35,30,221.3262,S0.27 Y0.28 H0.45,320.05,0.3000
thompson,24,ambient,35,30,88.5452,Ce0.40 Li0.12 H0.48,478.20,0.3041
thompson,25,ambient,35,34,147.3598,Ca0.50 H0.50,302.17,0.3029
thompson,26,ambient,35,30,67.4969,C0.19 Ce0.30 H0.51,263.17,0.3041
thompson,27,ambient,35,33,168.1078,Mg0.45 S0.08 H0.48,213.66,0.3019
thompson,28,ambient,35,33,42.5512,Y0.01 La0.14 H0.85,44.10,0.3086
thompson,29,ambient,35,30,117.6873,Ce0.04 Li0.53 H0.43,134.34,0.3031
thompson,30,ambient,35,31,154.6442,Li0.24 Y0.25 H0.50,456.66,0.3015
thompson,31,ambient,35,29,109.3553,Ca0.43 C0.02 H0.54,87.52,0.2970
thompson,32,ambient,35,32,122.0297,Mg0.24 S0.25 H0.51,52.27,0.3040
thompson,33,ambient,35,30,81.6584,S0.04 Li0.60 H0.36,449.20,0.3023
thompson,34,ambient,35,30,250.4845,S0.16 Li0.39 H0.46,437.95,0.3033
thompson,35,ambient,35,32,209.7778,S0.25 Mg0.31 H0.44,376.80,0.3092
thompson,36,ambient,35,31,89.2411,C0.02 Li0.58 H0.40,70.49,0.3048
thompson,37,ambient,35,32,288.9153,S0.08 Ca0.42 H0.50,388.78,0.3003
thompson,38,ambient,35,29,74.0937,Li0.58 C0.03 H0.38,456.49,0.3067
thompson,39,ambient,35,34,170.1420,S0.29 Li0.25 H0.46,151.84,0.3074
thompson,40,ambient,35,32,302.5147,Li0.29 C0.21 H0.50,29.89,0.3027
thompson,41,ambient,35,32,148.1792,Li0.53 H0.47,85.17,0.3000
thompson,42,ambient,35,32,216.3806,La0.22 S0.30 H0.48,390.77,0.3011
thompson,43,ambient,35,30,45.9625,Ce0.14 H0.86,102.48,0.2999
thompson,44,ambient,35,28,146.3285,Li0.52 H0.48,236.15,0.2986
thompson,45,ambient,35,28,132.1570,B0.12 Li0.37 H0.51,280.42,0.2964
thompson,46,ambient,35,33,48.2961,Y0.03 B0.16 H0.81,179.86,0.2980
thompson,47,ambient,35,31,159.0074,Y0.19 S0.39 H0.42,24.62,0.2985
thompson,48,ambient,35,31,151.2485,Y0.13 Li0.39 H0.48,234.96,0.3032
thompson,49,ambient,35,29,41.8629,Li0.64 H0.36,367.35,0.3064
thompson,50,ambient,35,31,223.0930,Mg0.27 S0.27 H0.46,142.25,0.2950
ucb+manifold,1,ambient,35,33,317.9264,C0.18 Li0.32 H0.50,137.16,0.8768
ucb+manifold,2,ambient,35,27,138.5360,Ca0.50 H0.50,431.14,0.8573
ucb+manifold,3,ambient,35,34,251.4037,C0.05 Li0.47 H0.48,101.16,0.8753
ucb+manifold,4,ambient,35,30,242.9603,Ce0.21 S0.35 H0.44,343.33,0.8513
ucb+manifold,5,ambient,35,28,150.7551,Li0.52 H0.48,206.59,0.8593
ucb+manifold,6,ambient,35,34,238.8811,S0.35 La0.20 H0.45,136.81,0.8795
ucb+manifold,7,ambient,35,32,155.1170,Mg0.25 Li0.25 H0.50,182.26,0.8764
ucb+manifold,8,ambient,35,29,187.9301,Ca0.35 S0.14 H0.51,132.08,0.8825
ucb+manifold,9,ambient,35,29,194.9540,S0.17 Ca0.39 H0.44,241.55,0.8638
ucb+manifold,10,ambient,35,32,53.3567,Y0.18 H0.82,224.12,0.8667
ucb+manifold,11,ambient,35,32,149.6570,Li0.53 H0.47,440.55,0.8822
ucb+manifold,12,ambient,35,28,216.3179,S0.13 Ca0.36 H0.51,154.91,0.8448
ucb+manifold,13,ambient,35,29,109.7422,La0.40 S0.28 H0.32,260.44,0.8481
ucb+manifold,14,ambient,35,30,201.4267,Ce0.45 S0.04 H0.51,204.62,0.8992
ucb+manifold,15,ambient,35,34,305.0325,C0.20 Li0.30 H0.50,130.45,0.9779
ucb+manifold,16,ambient,35,29,241.5471,S0.29 Ce0.24 H0.47,215.34,0.9343
ucb+manifold,17,ambient,35,33,286.8077,C0.09 Li0.41 H0.50,87.08,0.9244
ucb+manifold,18,ambient,35,31,176.9556,Li0.48 S0.11 H0.41,233.41,0.9409
ucb+manifold,19,ambient,35,31,149.2662,Ca0.50 H0.50,160.72,0.9278
ucb+manifold,20,ambient,35,33,272.2322,C0.10 Ca0.40 H0.50,241.99,0.8717
ucb+manifold,21,ambient,35,33,141.8126,Ca0.50 H0.50,374.73,0.9027
ucb+manifold,22,ambient,35,31,233.0320,S0.17 Ca0.35 H0.47,136.77,0.9078
ucb+manifold,23,ambient,35,30,132.8831,Ca0.49 H0.51,90.96,0.8722
ucb+manifold,24,ambient,35,23,181.9112,S0.29 Mg0.24 H0.47,424.84,0.9154
ucb+manifold,25,ambient,35,27,305.0127,Ca0.48 C0.01 H0.51,453.61,0.8915
ucb+manifold,26,ambient,35,33,248.6031,La0.34 S0.17 H0.49,184.42,0.8886
ucb+manifold,27,ambient,35,27,23.6449,La0.47 H0.53,414.28,0.8937
ucb+manifold,28,ambient,35,32,274.2765,La0.42 S0.07 H0.50,242.40,0.9451
ucb+manifold,29,ambient,35,28,155.0305,Ce0.25 Li0.26 H0.49,488.33,0.9245
ucb+manifold,30,ambient,35,27,136.4780,Li0.17 Ce0.32 H0.50,178.86,0.9167
ucb+manifold,31,ambient,35,31,190.6635,Ce0.26 S0.24 H0.50,98.57,0.9590
ucb+manifold,32,ambient,35,31,119.7161,Li0.43 Mg0.12 H0.46,268.13,0.9059
ucb+manifold,33,ambient,35,27,217.9027,Li0.50 S0.04 H0.46,176.58,0.9004
ucb+manifold,34,ambient,35,28,117.0321,Ca0.48 H0.52,410.86,0.8964
ucb+manifold,35,ambient,35,30,233.7008,S0.34 Y0.21 H0.45,296.10,0.9934
ucb+manifold,36,ambient,35,32,216.2722,Ca0.35 S0.19 H0.45,112.45,0.9686
ucb+manifold,37,ambient,35,32,260.7266,S0.10 Ca0.41 H0.49,355.81,0.9282
ucb+manifold,38,ambient,35,34,265.5237,C0.07 Li0.45 H0.48,422.48,0.9276
ucb+manifold,39,ambient,35,29,264.3267,S0.16 Ce0.35 H0.49,353.90,0.8947
ucb+manifold,40,ambient,35,33,141.8570,Ca0.50 H0.50,289.56,0.9023
ucb+manifold,41,ambient,35,26,202.3298,Ca0.34 S0.24 H0.42,167.40,1.0038
ucb+manifold,42,ambient,35,30,246.0915,Li0.42 S0.12 H0.45,334.13,0.9417
ucb+manifold,43,ambient,35,30,238.7560,La0.24 S0.30 H0.46,313.70,0.8858
ucb+manifold,44,ambient,35,30,241.1000,Ca0.31 S0.24 H0.44,199.10,0.9181
ucb+manifold,45,ambient,35,30,89.1546,Ca0.20 S0.40 H0.40,269.04,0.8823
ucb+manifold,46,ambient,35,31,233.6798,Ce0.32 S0.17 H0.51,242.85,0.9407
ucb+manifold,47,ambient,35,30,222.1792,S0.23 Ca0.34 H0.43,337.28,0.8925
ucb+manifold,48,ambient,35,28,189.1514,Y0.44 S0.05 H0.50,51.18,0.8791
ucb+manifold,49,ambient,35,29,245.0356,Ca0.30 S0.24 H0.46,305.89,0.8848
ucb+manifold,50,ambient,35,30,149.2160,Li0.51 H0.49,162.21,0.8756
ucb+falsify,1,ambient,35,33,193.6704,Ce0.16 S0.38 H0.46,224.49,0.3036
ucb+falsify,2,ambient,35,29,152.1105,Y0.17 Li0.35 H0.49,410.56,0.3062
ucb+falsify,3,ambient,35,33,151.3047,B0.16 Li0.33 H0.51,213.27,0.3090
ucb+falsify,4,ambient,35,30,241.2569,S0.34 Ce0.22 H0.43,48.93,0.2994
ucb+falsify,5,ambient,35,33,146.9236,Li0.54 H0.46,319.69,0.3005
ucb+falsify,6,ambient,35,35,205.6696,La0.26 S0.25 H0.49,246.07,0.3068
ucb+falsify,7,ambient,35,29,93.0988,Y0.18 S0.43 H0.40,39.33,0.2984
ucb+falsify,8,ambient,35,32,279.7349,Ca0.41 C0.09 H0.50,151.53,0.2984
ucb+falsify,9,ambient,35,29,234.0984,S0.25 La0.29 H0.47,342.78,0.2992
ucb+falsify,10,ambient,35,29,50.5573,La0.07 Y0.09 H0.84,93.80,0.2986
ucb+falsify,11,ambient,35,28,80.5158,Li0.38 S0.24 H0.38,391.06,0.2994
ucb+falsify,12,ambient,35,29,151.8590,Li0.52 H0.48,108.18,0.2986
ucb+falsify,13,ambient,35,33,203.5171,S0.18 Y0.34 H0.48,254.85,0.2986
ucb+falsify,14,ambient,35,27,155.1828,Y0.18 Li0.32 H0.50,331.27,0.2953
ucb+falsify,15,ambient,35,29,77.3951,Mg0.17 S0.32 H0.51,192.78,0.2975
ucb+falsify,16,ambient,35,31,283.6523,Ce0.41 S0.09 H0.50,304.77,0.2995
ucb+falsify,17,ambient,35,29,135.4017,Ca0.51 H0.49,331.76,0.3004
ucb+falsify,18,ambient,35,35,54.5295,Y0.18 H0.82,135.02,0.3078
ucb+falsify,19,ambient,35,30,139.2765,Ca0.50 H0.50,237.63,0.2974
ucb+falsify,20,ambient,35,30,230.5681,Li0.33 S0.20 H0.47,221.40,0.3008
ucb+falsify,21,ambient,35,30,122.5671,Y0.32 Li0.17 H0.50,424.07,0.3052
ucb+falsify,22,ambient,35,31,45.0440,Y0.01 B0.18 H0.81,378.10,0.3038
ucb+falsify,23,ambient,35,32,269.7734,S0.12 Ce0.39 H0.48,323.83,0.3031
ucb+falsify,24,ambient,35,31,204.7798,Li0.32 S0.25 H0.43,234.11,0.3036
ucb+falsify,25,ambient,35,33,242.0797,S0.27 Ce0.28 H0.45,279.69,0.3025
ucb+falsify,26,ambient,35,30,257.8521,La0.34 S0.17 H0.49,184.42,0.3006
ucb+falsify,27,ambient,35,23,159.2523,S0.31 Li0.26 H0.43,466.98,0.2955
ucb+falsify,28,ambient,35,33,245.2549,Ca0.32 S0.23 H0.45,71.69,0.3004
ucb+falsify,29,ambient,35,27,232.5287,S0.02 Li0.49 H0.48,229.33,0.3079
ucb+falsify,30,ambient,35,30,60.3681,Li0.62 H0.38,343.73,0.3386
ucb+falsify,31,ambient,35,28,175.3212,Ca0.38 S0.21 H0.42,254.13,0.3181
ucb+falsify,32,ambient,35,29,143.4422,Ce0.33 Li0.17 H0.50,280.72,0.3000
ucb+falsify,33,ambient,35,30,237.7575,La0.22 S0.32 H0.45,330.76,0.3019
ucb+falsify,34,ambient,35,31,147.0919,Ca0.50 H0.50,215.14,0.3098
ucb+falsify,35,ambient,35,32,142.0138,Mg0.42 Ca0.08 H0.50,198.25,0.3017
ucb+falsify,36,ambient,35,31,282.5921,C0.12 Li0.40 H0.48,148.14,0.3006
ucb+falsify,37,ambient,35,35,241.1540,S0.25 Ca0.30 H0.45,321.09,0.3221
ucb+falsify,38,ambient,35,29,232.5723,S0.19 Li0.34 H0.46,302.94,0.3047
ucb+falsify,39,ambient,35,32,246.3333,Ce0.33 S0.18 H0.49,103.59,0.3193
ucb+falsify,40,ambient,35,33,118.4485,Ca0.51 H0.49,485.78,0.2994
ucb+falsify,41,ambient,35,31,147.4980,Li0.52 H0.48,28.28,0.3007
ucb+falsify,42,ambient,35,25,150.6594,Li0.53 H0.47,263.69,0.2952
ucb+falsify,43,ambient,35,29,152.9990,S0.41 La0.12 H0.47,459.13,0.3006
ucb+falsify,44,ambient,35,30,191.9347,S0.21 Mg0.34 H0.44,254.86,0.2977
ucb+falsify,45,ambient,35,28,236.8735,Li0.33 S0.20 H0.46,375.99,0.2935
ucb+falsify,46,ambient,35,31,236.3027,Ca0.30 S0.24 H0.46,82.78,0.2929
ucb+falsify,47,ambient,35,29,51.1360,B0.04 Ce0.13 H0.83,380.22,0.2936
ucb+falsify,48,ambient,35,29,158.3361,Mg0.47 C0.04 H0.49,122.58,0.2960
ucb+falsify,49,ambient,35,28,212.7556,Li0.39 S0.13 H0.48,68.82,0.2951
ucb+falsify,50,ambient,35,32,214.4158,La0.24 S0.34 H0.42,293.03,0.2993
ucb+inverse,1,ambient,35,32,128.8283,Mg0.37 Li0.15 H0.48,25.23,1.7331
ucb+inverse,2,ambient,35,28,154.4944,Li0.41 Ce0.10 H0.49,406.05,1.7057
ucb+inverse,3,ambient,35,31,252.0994,C0.05 Li0.47 H0.48,101.16,1.8027
ucb+inverse,4,ambient,35,28,40.6183,Ce0.14 H0.86,462.82,1.6649
ucb+inverse,5,ambient,35,30,247.6241,S0.10 Ca0.40 H0.50,477.82,1.7742
ucb+inverse,6,ambient,35,33,225.3350,S0.33 Y0.22 H0.45,92.46,1.8080
ucb+inverse,7,ambient,35,32,266.3953,C0.24 Li0.25 H0.51,33.06,1.7831
ucb+inverse,8,ambient,35,33,248.5738,C0.08 Li0.41 H0.51,306.91,1.8107
ucb+inverse,9,ambient,35,29,145.8567,Li0.52 H0.48,284.76,1.7399
ucb+inverse,10,ambient,35,32,74.5367,S0.19 Ca0.27 H0.53,36.18,1.7235
ucb+inverse,11,ambient,35,30,216.5300,Li0.50 S0.03 H0.47,283.64,1.7038
ucb+inverse,12,ambient,35,27,243.2424,S0.07 Ca0.46 H0.47,460.51,1.8712
ucb+inverse,13,ambient,35,32,148.7801,Ca0.15 Li0.36 H0.50,438.36,1.7463
ucb+inverse,14,ambient,35,30,238.5895,Li0.38 S0.17 H0.45,316.49,1.6915
ucb+inverse,15,ambient,35,31,43.1150,Ce0.12 B0.03 H0.85,165.41,1.7341
ucb+inverse,16,ambient,35,33,252.5664,Ce0.36 S0.16 H0.48,305.95,1.7540
ucb+inverse,17,ambient,35,28,144.9038,Mg0.09 Ca0.42 H0.50,362.80,1.7134
ucb+inverse,18,ambient,35,30,113.1215,S0.32 La0.39 H0.29,106.66,1.8343
ucb+inverse,19,ambient,35,33,233.1929,S0.13 Li0.40 H0.47,161.62,1.7884
ucb+inverse,20,ambient,35,30,238.9923,S0.30 Ce0.26 H0.44,208.08,1.8550
ucb+inverse,21,ambient,35,31,215.5955,S0.29 Y0.27 H0.43,253.87,1.7667
ucb+inverse,22,ambient,35,29,166.1919,S0.28 Li0.24 H0.48,206.10,1.6729
ucb+inverse,23,ambient,35,32,269.4742,La0.42 S0.09 H0.49,325.96,1.7864
ucb+inverse,24,ambient,35,32,151.5280,Li0.54 H0.46,469.71,1.8075
ucb+inverse,25,ambient,35,29,197.6192,Y0.33 S0.20 H0.48,435.29,1.6697
ucb+inverse,26,ambient,35,32,124.3411,Li0.56 H0.44,310.57,1.7334
ucb+inverse,27,ambient,35,29,42.4963,La0.19 H0.81,440.89,1.6948
ucb+inverse,28,ambient,35,31,164.7032,Li0.37 S0.22 H0.41,435.88,1.8043
ucb+inverse,29,ambient,35,29,230.7504,S0.01 Li0.50 H0.49,350.63,1.8679
ucb+inverse,30,ambient,35,31,36.7758,La0.49 H0.51,466.90,1.7691
ucb+inverse,31,ambient,35,29,312.7429,Ca0.45 S0.05 H0.49,421.68,1.7997
ucb+inverse,32,ambient,35,32,262.3105,La0.34 S0.16 H0.51,285.66,1.9260
ucb+inverse,33,ambient,35,27,143.4921,Li0.51 H0.49,104.16,1.6858
ucb+inverse,34,ambient,35,29,245.5767,Li0.36 S0.18 H0.46,428.84,1.7158
ucb+inverse,35,ambient,35,28,141.9025,Y0.15 S0.41 H0.43,479.16,1.6517
ucb+inverse,36,ambient,35,30,156.5419,Li0.51 H0.49,392.63,1.7104
ucb+inverse,37,ambient,35,30,241.1540,S0.25 Ca0.30 H0.45,321.09,1.7049
ucb+inverse,38,ambient,35,34,204.6690,Ce0.46 S0.04 H0.51,426.96,1.8134
ucb+inverse,39,ambient,35,30,247.0699,S0.16 Ce0.36 H0.48,226.39,1.7098
ucb+inverse,40,ambient,35,31,37.0068,S0.43 La0.30 H0.27,393.59,1.7023
ucb+inverse,41,ambient,35,31,205.9928,Ca0.38 S0.18 H0.44,399.83,1.6755
ucb+inverse,42,ambient,35,26,31.0065,S0.52 Ca0.05 H0.43,336.73,1.6309
ucb+inverse,43,ambient,35,30,242.9279,Ce0.26 S0.28 H0.46,134.07,1.6795
ucb+inverse,44,ambient,35,31,229.4488,S0.31 La0.22 H0.47,350.32,1.7352
ucb+inverse,45,ambient,35,27,74.5128,S0.42 La0.08 H0.50,432.26,1.6423
ucb+inverse,46,ambient,35,31,242.5679,Ca0.29 S0.24 H0.46,192.97,1.6716
ucb+inverse,47,ambient,35,27,243.2621,S0.30 Ce0.26 H0.45,474.98,1.6280
ucb+inverse,48,ambient,35,29,154.3446,Mg0.08 Li0.43 H0.49,135.91,1.6366
ucb+inverse,49,ambient,35,28,145.3273,Li0.53 Ca0.01 H0.45,354.65,1.6304
ucb+inverse,50,ambient,35,29,221.8266,S0.36 Y0.20 H0.45,410.40,1.7269
all,1,ambient,35,29,242.7165,C0.21 Li0.31 H0.48,233.26,2.0841
all,2,ambient,35,27,133.2263,Ca0.50 H0.50,431.14,2.1011
all,3,ambient,35,31,163.1088,C0.04 Li0.51 H0.45,112.67,2.1814
all,4,ambient,35,29,40.1035,La0.18 H0.82,156.13,2.2581
all,5,ambient,35,30,80.7648,Ca0.47 H0.53,467.49,2.0947
all,6,ambient,35,34,209.5828,La0.26 S0.25 H0.49,246.07,2.2060
all,7,ambient,35,33,155.2085,B0.14 Li0.36 H0.50,164.23,2.2226
all,8,ambient,35,30,156.2870,Ca0.23 Li0.27 H0.49,497.45,2.2441
all,9,ambient,35,30,145.3150,Li0.52 H0.48,284.76,2.1628
all,10,ambient,35,31,317.8911,Ca0.45 S0.04 H0.50,287.89,2.3493
all,11,ambient,35,29,96.2586,Ce0.36 S0.33 H0.31,316.09,2.1766
all,12,ambient,35,27,208.7862,Ca0.41 S0.07 H0.52,61.53,2.0761
all,13,ambient,35,30,218.1089,Li0.47 S0.09 H0.44,345.98,2.1935
all,14,ambient,35,33,268.6846,La0.34 S0.16 H0.50,161.01,2.3385
all,15,ambient,35,30,65.8545,Ce0.07 S0.43 H0.50,64.20,2.2684
all,16,ambient,35,32,228.4741,S0.24 Ca0.28 H0.47,245.09,2.2450
all,17,ambient,35,30,22.2828,Ce0.13 C0.04 H0.83,127.70,2.2382
all,18,ambient,35,31,58.3516,S0.36 La0.38 H0.27,63.78,2.2930
all,19,ambient,35,32,170.2672,S0.29 Li0.28 H0.43,105.17,2.2288
all,20,ambient,35,34,284.9956,C0.10 Ca0.40 H0.50,241.99,2.1378
all,21,ambient,35,33,141.8126,Ca0.50 H0.50,374.73,2.2898
all,22,ambient,35,30,85.5029,S0.25 Ca0.38 H0.37,384.79,2.1812
all,23,ambient,35,31,262.0460,La0.38 S0.10 H0.52,207.32,2.2074
all,24,ambient,35,29,54.8956,Li0.62 H0.38,295.19,2.1641
all,25,ambient,35,29,64.8590,Ca0.36 S0.34 H0.30,168.07,2.1615
all,26,ambient,35,30,119.3907,La0.18 S0.31 H0.51,110.91,2.1568
all,27,ambient,35,31,199.6129,Y0.18 S0.37 H0.45,280.27,2.1688
all,28,ambient,35,33,153.3243,Y0.15 Li0.35 H0.49,157.54,2.1620
all,29,ambient,35,24,143.7452,Y0.13 Li0.39 H0.48,354.74,1.9954
all,30,ambient,35,29,54.9783,B0.11 La0.04 H0.86,414.32,2.1751
all,31,ambient,35,29,227.3997,Y0.27 S0.28 H0.45,394.54,2.2570
all,32,ambient,35,29,263.0367,Ca0.42 S0.09 H0.48,370.66,2.2046
all,33,ambient,35,30,167.9626,Ca0.26 S0.24 H0.50,141.07,2.1944
all,34,ambient,35,33,141.0312,Y0.03 Ca0.48 H0.50,421.43,2.2579
all,35,ambient,35,27,145.5352,Li0.54 H0.46,121.42,2.0888
all,36,ambient,35,31,205.3557,Mg0.30 S0.26 H0.44,165.00,2.1789
all,37,ambient,35,33,262.8976,S0.01 Ca0.47 H0.52,300.15,2.1849
all,38,ambient,35,33,239.0408,Li0.36 S0.17 H0.47,42.02,2.1676
all,39,ambient,35,31,270.9627,S0.11 Ce0.40 H0.49,281.91,2.1063
all,40,ambient,35,31,137.6083,Ca0.27 Mg0.23 H0.50,286.60,2.2354
all,41,ambient,35,31,137.6598,Ca0.49 H0.51,312.70,2.3131
all,42,ambient,35,27,154.9916,Li0.19 Ca0.31 H0.50,313.39,2.1315
all,43,ambient,35,28,45.9625,Ce0.14 H0.86,102.48,2.0962
all,44,ambient,35,33,302.5317,Ca0.45 S0.05 H0.49,113.26,2.2203
all,45,ambient,35,30,223.6809,S0.22 Ca0.35 H0.43,107.46,2.1219
all,46,ambient,35,31,288.5414,Li0.43 C0.08 H0.49,102.10,2.0942
all,47,ambient,35,29,51.1360,B0.04 Ce0.13 H0.83,380.22,2.0941
all,48,ambient,35,30,155.5453,Li0.53 H0.47,202.16,2.0677
all,49,ambient,35,30,134.2618,S0.21 Ca0.51 H0.28,66.55,2.0778
all,50,ambient,35,32,44.0018,Ce0.14 H0.86,250.98,2.1737
